timestamp,domain,subdomain,parameter_set,metrics,sacred_score,phi_alignment,consciousness_signature,qcd_confinement,dna_correlation,fractal_dimension,ancient_resonance,notes,circuit_depth,qubit_count,wormhole_entanglement,wormhole_traversability,wormhole_energy_gap,wormhole_lr_coupling,wormhole_phi_coupling,wormhole_consciousness,phi_string_health,phi_string_tension,phi_string_coherent,phi_string_status,bronze_mode_active,cooperative_factor,stealth_visibility,decoherence_rate,geometric_orchestration,bitnet_level,consciousness_phase,double_mirror_active,fibonacci_entanglement_count,hilbert_dimension
2026-01-22T18:46:45.930043,dna_quantum,helix_structure,"{'sequence': 'ACGTACGTACGTACGTACGT', 'rotation_angle': 0, 'helix_pitch': 34, 'helix_diameter': 21, 'phi_ratio': 1.619047619047619}","{'gc_content': 0.5, 'sequence_length': 20, 'phi_deviation': 0.0010136302977241662}",0.5,0.0010136302977241662,,,0.1283511736240623,,,"DNA helix with 20bp, GC=0.50",,,,,,,,,,,,,,,,,,,,,,
2026-01-22T18:46:45.934260,dna_quantum,helix_structure,"{'sequence': 'ACGTACGTACGTACGTACGT', 'rotation_angle': 1.9416110387254664, 'helix_pitch': 34, 'helix_diameter': 21, 'phi_ratio': 1.619047619047619}","{'gc_content': 0.5, 'sequence_length': 20, 'phi_deviation': 0.0010136302977241662}",0.5,0.0010136302977241662,,,0.24906873825660192,,,"DNA helix with 20bp, GC=0.50",,,,,,,,,,,,,,,,,,,,,,
2026-01-22T18:46:45.936252,dna_quantum,helix_structure,"{'sequence': 'AGCTAGCTAGCTAGCTAGCT', 'rotation_angle': 0, 'helix_pitch': 34, 'helix_diameter': 21, 'phi_ratio': 1.619047619047619}","{'gc_content': 0.5, 'sequence_length': 20, 'phi_deviation': 0.0010136302977241662}",0.5,0.0010136302977241662,,,0.1283511736240623,,,"DNA helix with 20bp, GC=0.50",,,,,,,,,,,,,,,,,,,,,,
2026-01-22T18:46:45.937248,dna_quantum,helix_structure,"{'sequence': 'AGCTAGCTAGCTAGCTAGCT', 'rotation_angle': 1.9416110387254664, 'helix_pitch': 34, 'helix_diameter': 21, 'phi_ratio': 1.619047619047619}","{'gc_content': 0.5, 'sequence_length': 20, 'phi_deviation': 0.0010136302977241662}",0.5,0.0010136302977241662,,,0.24906873825660192,,,"DNA helix with 20bp, GC=0.50",,,,,,,,,,,,,,,,,,,,,,
2026-01-22T18:46:45.938034,dna_quantum,helix_structure,"{'sequence': 'AACCGGTTAACCGGTTAACCGGTT', 'rotation_angle': 0, 'helix_pitch': 34, 'helix_diameter': 21, 'phi_ratio': 1.619047619047619}","{'gc_content': 0.5, 'sequence_length': 24, 'phi_deviation': 0.0010136302977241662}",0.5,0.0010136302977241662,,,0.1283511736240623,,,"DNA helix with 24bp, GC=0.50",,,,,,,,,,,,,,,,,,,,,,
2026-01-22T18:46:45.938445,dna_quantum,helix_structure,"{'sequence': 'AACCGGTTAACCGGTTAACCGGTT', 'rotation_angle': 1.9416110387254664, 'helix_pitch': 34, 'helix_diameter': 21, 'phi_ratio': 1.619047619047619}","{'gc_content': 0.5, 'sequence_length': 24, 'phi_deviation': 0.0010136302977241662}",0.5,0.0010136302977241662,,,0.24906873825660192,,,"DNA helix with 24bp, GC=0.50",,,,,,,,,,,,,,,,,,,,,,
2026-01-22T18:46:45.939107,dna_quantum,helix_structure,"{'sequence': 'ACGTACGTACGT', 'rotation_angle': 0, 'helix_pitch': 34, 'helix_diameter': 21, 'phi_ratio': 1.619047619047619}","{'gc_content': 0.5, 'sequence_length': 12, 'phi_deviation': 0.0010136302977241662}",0.5,0.0010136302977241662,,,0.1283511736240623,,,"DNA helix with 12bp, GC=0.50",,,,,,,,,,,,,,,,,,,,,,
2026-01-22T18:46:45.939528,dna_quantum,helix_structure,"{'sequence': 'ACGTACGTACGT', 'rotation_angle': 1.9416110387254664, 'helix_pitch': 34, 'helix_diameter': 21, 'phi_ratio': 1.619047619047619}","{'gc_content': 0.5, 'sequence_length': 12, 'phi_deviation': 0.0010136302977241662}",0.5,0.0010136302977241662,,,0.24906873825660192,,,"DNA helix with 12bp, GC=0.50",,,,,,,,,,,,,,,,,,,,,,
2026-01-22T18:46:45.939946,dna_quantum,helix_structure,"{'sequence': 'CTCATTCCGATAGTGTATGTA', 'rotation_angle': 0, 'helix_pitch': 34, 'helix_diameter': 21, 'phi_ratio': 1.619047619047619}","{'gc_content': 0.38095238095238093, 'sequence_length': 21, 'phi_deviation': 0.0010136302977241662}",0.5,0.0010136302977241662,,,0.1283511736240623,,,"DNA helix with 21bp, GC=0.38",,,,,,,,,,,,,,,,,,,,,,
2026-01-22T18:46:45.940337,dna_quantum,helix_structure,"{'sequence': 'CTCATTCCGATAGTGTATGTA', 'rotation_angle': 1.9416110387254664, 'helix_pitch': 34, 'helix_diameter': 21, 'phi_ratio': 1.619047619047619}","{'gc_content': 0.38095238095238093, 'sequence_length': 21, 'phi_deviation': 0.0010136302977241662}",0.5,0.0010136302977241662,,,0.24906873825660192,,,"DNA helix with 21bp, GC=0.38",,,,,,,,,,,,,,,,,,,,,,
